<!DOCTYPE node PUBLIC "-//freedesktop//DTD D-BUS Object Introspection 1.0//EN"
"http://www.freedesktop.org/standards/dbus/1.0/introspect.dtd">
<node>
  <interface name="org.freedesktop.AlphaIM.InputContext">
    <method name="ProcessKeyEvent">
      <arg name="keyval" direction="in" type="u"/>
      <arg name="keycode" direction="in" type="u"/>
      <arg name="state" direction="in" type="u"/>
      <arg name="handled" direction="out" type="b"/>
    </method>
    <method name="SetCursorLocation">
      <arg name="x" direction="in" type="i"/>
      <arg name="y" direction="in" type="i"/>
      <arg name="w" direction="in" type="i"/>
      <arg name="h" direction="in" type="i"/>
    </method>
    <method name="FocusIn">
	 <arg name="id" direction="in" type="u"/>
   </method>
    <method name="FocusOut"/>
    <method name="Reset"/>
    <method name="Enable"/>
    <method name="Disable"/>
    <method name="IsEnabled">
      <arg name="enable" direction="out" type="b"/>
    </method>
    <method name="SetCapabilities">
      <arg name="caps" direction="in" type="u"/>
    </method>
    <method name="PropertyActivate">
      <arg name="name" direction="in" type="s"/>
      <arg name="state" direction="in" type="i"/>
    </method>
    <method name="SetSurroundingText">
      <arg name="text" direction="in" type="v"/>
      <arg name="cursor_pos" direction="in" type="u"/>
      <arg name="anchor_pos" direction="in" type="u"/>
    </method>
    <method name="Destroy"/>
    <signal name="CommitText">
      <arg name="text" type="s"/>
    </signal>
  </interface>
</node>

